0.00000,0.00000,0.00000,0.00000,0.00000,0.00000,0.00000,0.00000,0.00000,0.00000,0.00000,0.00000,0.00000,0.00000,0.00000,0.00000,0.00000,0.00000,0.00000,0.00000,0.00000,0.00000,0.00000,0.00000,0.00000,0.00000,0.00000,0.00000,0.00000,0.00000,0.00000,0.00000,0.00000,0.00000,0.00000,0.00000,0.00000,0.00000,0.00000,0.00000,0.00000,0.00000,0.00000,0.00000,0.00000,0.00000,0.00000,0.00000,0.00000,0.00000,0.00000,0.00000,0.00000,0.00000,0.00000,0.00000,0.00000,0.00000,0.00000,0.00000,0.00000,0.00000,0.00000,0.00000,0.00000,0.00000,0.00000,0.00000,0.00000,0.00000,0.00000,0.00000,0.00000,0.00000,0.00000,0.00000,0.00000,0.00000,0.00000,0.00000,0.00000,0.00000,0.00000,0.00000,0.00000,0.00000,0.00000,0.00000,0.00000,0.00000
 0.00000,0.00000,0.00000,0.00000,0.00000,0.00000,0.00000,0.00000,0.00000,0.00000,0.00000,0.00000,0.00000,0.00000,0.00000,0.00000,0.00000,0.00000,0.00000,0.00000,0.00000,0.00000,0.00000,0.00000,0.00000,0.00000,0.00000,0.00000,0.00000,0.00000,0.00000,0.00000,0.00000,0.00000,0.00000,0.00000,0.00000,0.00000,0.00000,0.00000,0.00000,0.00000,0.00000,0.00000,0.00000,0.00000,0.00000,0.00000,0.00000,0.00000,0.00000,0.00000,0.00000,0.00000,0.00000,0.00000,0.00000,0.00000,0.00000,0.00000,0.00000,0.00000,0.00000,0.00000,0.00000,0.00000,0.00000,0.00000,0.00000,0.00000,0.00000,0.00000,0.00000,0.00000,0.00000,0.00000,0.00000,0.00000,0.00000,0.00000,0.00000,0.00000,0.00000,0.00000,0.00000,0.00000,0.00000,0.00000,0.00000,0.00000
 0.00000,0.00000,0.00000,0.00000,0.00000,0.00000,0.00000,0.00000,0.00000,0.00000,0.00000,0.00000,0.00000,0.00000,0.00000,0.00000,0.00000,0.00000,0.00000,0.00000,0.00000,0.00000,0.00000,0.00000,0.00000,0.00000,0.00000,0.00000,0.00000,0.00000,0.00000,0.00000,0.00000,0.00000,0.00000,0.00000,0.00000,0.00000,0.00000,0.00000,0.00000,0.00000,0.00000,0.00000,0.00000,0.00000,0.00000,0.00000,0.00000,0.00000,0.00000,0.00000,0.00000,0.00000,0.00000,0.00000,0.00000,0.00000,0.00000,0.00000,0.00000,0.00000,0.00000,0.00000,0.00000,0.00000,0.00000,0.00000,0.00000,0.00000,0.00000,0.00000,0.00000,0.00000,0.00000,0.00000,0.00000,0.00000,0.00000,0.00000,0.00000,0.00000,0.00000,0.00000,0.00000,0.00000,0.00000,0.00000,0.00000,0.00000
 0.00000,0.00000,0.00000,0.00000,0.00000,0.00000,0.00000,0.00000,0.00000,0.00000,0.00000,0.00000,0.00000,0.00000,0.00000,0.00000,0.00000,0.00000,0.00000,0.00000,0.00000,0.00000,0.00000,0.00000,0.00000,0.00000,0.00000,0.00000,0.00000,0.00000,0.00000,0.00000,0.00000,0.00000,0.00000,0.00000,0.00000,0.00000,0.00000,0.00000,0.00000,0.00000,0.00000,0.00000,0.00000,0.00000,0.00000,0.00000,0.00000,0.00000,0.00000,0.00000,0.00000,0.00000,0.00000,0.00000,0.00000,0.00000,0.00000,0.00000,0.00000,0.00000,0.00000,0.00000,0.00000,0.00000,0.00000,0.00000,0.00000,0.00000,0.00000,0.00000,0.00000,0.00000,0.00000,0.00000,0.00000,0.00000,0.00000,0.00000,0.00000,0.00000,0.00000,0.00000,0.00000,0.00000,0.00000,0.00000,0.00000,0.00000
 0.00000,0.00000,0.00000,0.00000,0.00000,0.00000,0.00000,0.00000,0.00000,0.00000,0.00000,0.00000,0.00000,0.00000,0.00000,0.00000,0.00000,0.00000,0.00000,0.00000,0.00000,0.00000,0.00000,0.00000,0.00000,0.00000,0.00000,0.00000,0.00000,0.00000,0.00000,0.00000,0.00000,0.00000,0.00000,0.00000,0.00000,0.00000,0.00000,0.00000,0.00000,0.00000,0.00000,0.00000,0.00000,0.00000,0.00000,0.00000,0.00000,0.00000,0.00000,0.00000,0.00000,0.00000,0.00000,0.00000,0.00000,0.00000,0.00000,0.00000,0.00000,0.00000,0.00000,0.00000,0.00000,0.00000,0.00000,0.00000,0.00000,0.00000,0.00000,0.00000,0.00000,0.00000,0.00000,0.00000,0.00000,0.00000,0.00000,0.00000,0.00000,0.00000,0.00000,0.00000,0.00000,0.00000,0.00000,0.00000,0.00000,0.00000
 0.00000,0.00000,0.00000,0.00000,0.00000,0.00000,0.00000,0.00001,0.00002,0.00002,0.00002,0.00002,0.00002,0.00002,0.00002,0.00002,0.00002,0.00002,0.00002,0.00002,0.00002,0.00002,0.00002,0.00002,0.00002,0.00002,0.00002,0.00002,0.00002,0.00002,0.00002,0.00002,0.00002,0.00002,0.00002,0.00002,0.00002,0.00002,0.00002,0.00002,0.00002,0.00001,0.00004,0.00000,0.00000,0.00000,0.00000,0.00000,0.00000,0.00000,0.00000,0.00000,0.00001,0.00002,0.00002,0.00002,0.00002,0.00002,0.00002,0.00002,0.00002,0.00002,0.00002,0.00002,0.00002,0.00002,0.00002,0.00002,0.00002,0.00002,0.00002,0.00002,0.00002,0.00002,0.00002,0.00002,0.00002,0.00002,0.00002,0.00002,0.00002,0.00002,0.00002,0.00002,0.00002,0.00001,0.00004,0.00000,0.00000,0.00000
 0.00000,0.00000,0.00000,0.00000,0.00000,0.00000,0.00000,0.00001,0.00002,0.00002,0.00002,0.00002,0.00002,0.00002,0.00002,0.00002,0.00002,0.00002,0.00002,0.00002,0.00002,0.00002,0.00002,0.00002,0.00002,0.00002,0.00002,0.00002,0.00002,0.00002,0.00002,0.00002,0.00002,0.00002,0.00002,0.00002,0.00002,0.00002,0.00002,0.00002,0.00002,0.00001,0.00004,0.00000,0.00000,0.00000,0.00000,0.00000,0.00000,0.00000,0.00000,0.00000,0.00001,0.00002,0.00002,0.00002,0.00002,0.00002,0.00002,0.00002,0.00002,0.00002,0.00002,0.00002,0.00002,0.00002,0.00002,0.00002,0.00002,0.00002,0.00002,0.00002,0.00002,0.00002,0.00002,0.00002,0.00002,0.00002,0.00002,0.00002,0.00002,0.00002,0.00002,0.00002,0.00002,0.00001,0.00004,0.00000,0.00000,0.00000
 0.00000,0.00000,0.00000,0.00000,0.00000,0.00000,0.00000,0.00001,0.00002,0.00002,0.00002,0.00002,0.00002,0.00002,0.00002,0.00002,0.00002,0.00002,0.00002,0.00002,0.00002,0.00002,0.00002,0.00002,0.00002,0.00002,0.00002,0.00002,0.00002,0.00002,0.00002,0.00002,0.00002,0.00002,0.00002,0.00002,0.00002,0.00002,0.00002,0.00002,0.00002,0.00001,0.00004,0.00000,0.00000,0.00000,0.00000,0.00000,0.00000,0.00000,0.00000,0.00000,0.00001,0.00002,0.00002,0.00002,0.00002,0.00002,0.00002,0.00002,0.00002,0.00002,0.00002,0.00002,0.00002,0.00002,0.00002,0.00002,0.00002,0.00002,0.00002,0.00002,0.00002,0.00002,0.00002,0.00002,0.00002,0.00002,0.00002,0.00002,0.00002,0.00002,0.00002,0.00002,0.00002,0.00001,0.00004,0.00000,0.00000,0.00000
 0.00000,0.00000,0.00000,0.00000,0.00000,0.00000,0.00000,0.00001,0.00002,0.00002,0.00002,0.00002,0.00002,0.00002,0.00002,0.00002,0.00002,0.00002,0.00002,0.00002,0.00002,0.00002,0.00002,0.00002,0.00002,0.00002,0.00002,0.00002,0.00002,0.00002,0.00002,0.00002,0.00002,0.00002,0.00002,0.00002,0.00002,0.00002,0.00002,0.00002,0.00002,0.00001,0.00004,0.00000,0.00000,0.00000,0.00000,0.00000,0.00000,0.00000,0.00000,0.00000,0.00001,0.00002,0.00002,0.00002,0.00002,0.00002,0.00002,0.00002,0.00002,0.00002,0.00002,0.00002,0.00002,0.00002,0.00002,0.00002,0.00002,0.00002,0.00002,0.00002,0.00002,0.00002,0.00002,0.00002,0.00002,0.00002,0.00002,0.00002,0.00002,0.00002,0.00002,0.00002,0.00002,0.00001,0.00004,0.00000,0.00000,0.00000
 0.00000,0.00000,0.00000,0.00000,0.00000,0.00000,0.00000,0.00001,0.00002,0.00002,0.00002,0.00002,0.00002,0.00002,0.00002,0.00002,0.00002,0.00002,0.00002,0.00002,0.00002,0.00002,0.00002,0.00002,0.00002,0.00002,0.00002,0.00002,0.00002,0.00002,0.00002,0.00002,0.00002,0.00002,0.00002,0.00002,0.00002,0.00002,0.00002,0.00002,0.00002,0.00001,0.00004,0.00000,0.00000,0.00000,0.00000,0.00000,0.00000,0.00000,0.00000,0.00000,0.00001,0.00002,0.00002,0.00002,0.00002,0.00002,0.00002,0.00002,0.00002,0.00002,0.00002,0.00002,0.00002,0.00002,0.00002,0.00002,0.00002,0.00002,0.00002,0.00002,0.00002,0.00002,0.00002,0.00002,0.00002,0.00002,0.00002,0.00002,0.00002,0.00002,0.00002,0.00002,0.00002,0.00001,0.00004,0.00000,0.00000,0.00000
 0.00000,0.00000,0.00000,0.00000,0.00000,0.00000,0.00000,0.00001,0.00002,0.00002,0.00002,0.00002,0.00002,0.00002,0.00002,0.00002,0.00002,0.00002,0.00002,0.00002,0.00002,0.00002,0.00002,0.00002,0.00002,0.00002,0.00002,0.00002,0.00002,0.00002,0.00002,0.00002,0.00002,0.00002,0.00002,0.00002,0.00002,0.00002,0.00002,0.00002,0.00002,0.00001,0.00004,0.00000,0.00000,0.00000,0.00000,0.00000,0.00000,0.00000,0.00000,0.00000,0.00001,0.00002,0.00002,0.00002,0.00002,0.00002,0.00002,0.00002,0.00002,0.00002,0.00002,0.00002,0.00002,0.00002,0.00002,0.00002,0.00002,0.00002,0.00002,0.00002,0.00002,0.00002,0.00002,0.00002,0.00002,0.00002,0.00002,0.00002,0.00002,0.00002,0.00002,0.00002,0.00002,0.00001,0.00004,0.00000,0.00000,0.00000
 0.00000,0.00000,0.00000,0.00000,0.00000,0.00000,0.00000,0.00001,0.00002,0.00002,0.00002,0.00002,0.00002,0.00002,0.00002,0.00002,0.00002,0.00002,0.00002,0.00002,0.00002,0.00002,0.00002,0.00002,0.00002,0.00002,0.00002,0.00002,0.00002,0.00002,0.00002,0.00002,0.00002,0.00002,0.00002,0.00002,0.00002,0.00002,0.00002,0.00002,0.00002,0.00001,0.00004,0.00000,0.00000,0.00000,0.00000,0.00000,0.00000,0.00000,0.00000,0.00000,0.00001,0.00002,0.00002,0.00002,0.00002,0.00002,0.00002,0.00002,0.00002,0.00002,0.00002,0.00002,0.00002,0.00002,0.00002,0.00002,0.00002,0.00002,0.00002,0.00002,0.00002,0.00002,0.00002,0.00002,0.00002,0.00002,0.00002,0.00002,0.00002,0.00002,0.00002,0.00002,0.00002,0.00001,0.00004,0.00000,0.00000,0.00000
 0.00000,0.00000,0.00000,0.00000,0.00000,0.00000,0.00000,0.00001,0.00002,0.00002,0.00002,0.00002,0.00002,0.00002,0.00002,0.00002,0.00002,0.00002,0.00002,0.00002,0.00002,0.00002,0.00002,0.00002,0.00002,0.00002,0.00002,0.00002,0.00002,0.00002,0.00002,0.00002,0.00002,0.00002,0.00002,0.00002,0.00002,0.00002,0.00002,0.00002,0.00002,0.00001,0.00004,0.00000,0.00000,0.00000,0.00000,0.00000,0.00000,0.00000,0.00000,0.00000,0.00001,0.00002,0.00002,0.00002,0.00002,0.00002,0.00002,0.00002,0.00002,0.00002,0.00002,0.00002,0.00002,0.00002,0.00002,0.00002,0.00002,0.00002,0.00002,0.00002,0.00002,0.00002,0.00002,0.00002,0.00002,0.00002,0.00002,0.00002,0.00002,0.00002,0.00002,0.00002,0.00002,0.00001,0.00004,0.00000,0.00000,0.00000
 0.00000,0.00000,0.00000,0.00000,0.00000,0.00000,0.00000,0.00001,0.00002,0.00002,0.00002,0.00002,0.00002,0.00002,0.00002,0.00002,0.00002,0.00002,0.00002,0.00002,0.00002,0.00002,0.00002,0.00002,0.00002,0.00002,0.00002,0.00002,0.00002,0.00002,0.00002,0.00002,0.00002,0.00002,0.00002,0.00002,0.00002,0.00002,0.00002,0.00002,0.00002,0.00001,0.00004,0.00000,0.00000,0.00000,0.00000,0.00000,0.00000,0.00000,0.00000,0.00000,0.00001,0.00002,0.00002,0.00002,0.00002,0.00002,0.00002,0.00002,0.00002,0.00002,0.00002,0.00002,0.00002,0.00002,0.00002,0.00002,0.00002,0.00002,0.00002,0.00002,0.00002,0.00002,0.00002,0.00002,0.00002,0.00002,0.00002,0.00002,0.00002,0.00002,0.00002,0.00002,0.00002,0.00001,0.00004,0.00000,0.00000,0.00000
 0.00000,0.00000,0.00000,0.00000,0.00000,0.00000,0.00000,0.00001,0.00002,0.00002,0.00002,0.00002,0.00002,0.00002,0.00002,0.00002,0.00002,0.00002,0.00002,0.00002,0.00002,0.00002,0.00002,0.00002,0.00002,0.00002,0.00002,0.00002,0.00002,0.00002,0.00002,0.00002,0.00002,0.00002,0.00002,0.00002,0.00002,0.00002,0.00002,0.00002,0.00002,0.00001,0.00004,0.00000,0.00000,0.00000,0.00000,0.00000,0.00000,0.00000,0.00000,0.00000,0.00001,0.00002,0.00002,0.00002,0.00002,0.00002,0.00002,0.00002,0.00002,0.00002,0.00002,0.00002,0.00002,0.00002,0.00002,0.00002,0.00002,0.00002,0.00002,0.00002,0.00002,0.00002,0.00002,0.00002,0.00002,0.00002,0.00002,0.00002,0.00002,0.00002,0.00002,0.00002,0.00002,0.00001,0.00004,0.00000,0.00000,0.00000
 0.00000,0.00000,0.00000,0.00000,0.00000,0.00000,0.00000,0.00000,0.00000,0.00000,0.00000,0.00000,0.00001,0.00002,0.00002,0.00002,0.00002,0.00002,0.00002,0.00002,0.00002,0.00002,0.00002,0.00002,0.00002,0.00002,0.00002,0.00002,0.00002,0.00002,0.00002,0.00002,0.00002,0.00002,0.00002,0.00002,0.00002,0.00002,0.00002,0.00002,0.00002,0.00001,0.00004,0.00000,0.00000,0.00000,0.00000,0.00000,0.00000,0.00000,0.00000,0.00000,0.00001,0.00002,0.00002,0.00002,0.00002,0.00002,0.00002,0.00002,0.00002,0.00002,0.00002,0.00002,0.00002,0.00002,0.00002,0.00002,0.00002,0.00002,0.00002,0.00002,0.00002,0.00002,0.00002,0.00002,0.00002,0.00002,0.00002,0.00002,0.00003,0.00000,0.00000,0.00000,0.00000,0.00000,0.00000,0.00000,0.00000,0.00000
 0.00000,0.00000,0.00000,0.00000,0.00000,0.00000,0.00000,0.00000,0.00000,0.00000,0.00000,0.00000,0.00001,0.00002,0.00002,0.00002,0.00002,0.00002,0.00002,0.00002,0.00002,0.00002,0.00002,0.00002,0.00002,0.00002,0.00002,0.00002,0.00002,0.00002,0.00002,0.00002,0.00002,0.00002,0.00002,0.00002,0.00002,0.00002,0.00002,0.00002,0.00002,0.00001,0.00004,0.00000,0.00000,0.00000,0.00000,0.00000,0.00000,0.00000,0.00000,0.00000,0.00001,0.00002,0.00002,0.00002,0.00002,0.00002,0.00002,0.00002,0.00002,0.00002,0.00002,0.00002,0.00002,0.00002,0.00002,0.00002,0.00002,0.00002,0.00002,0.00002,0.00002,0.00002,0.00002,0.00002,0.00002,0.00002,0.00002,0.00002,0.00006,0.00000,0.00000,0.00000,0.00000,0.00000,0.00000,0.00000,0.00000,0.00000
 0.00000,0.00000,0.00000,0.00000,0.00000,0.00000,0.00000,0.00000,0.00000,0.00000,0.00000,0.00000,0.00001,0.00002,0.00002,0.00002,0.00002,0.00002,0.00002,0.00002,0.00002,0.00002,0.00002,0.00002,0.00002,0.00002,0.00002,0.00002,0.00002,0.00002,0.00002,0.00002,0.00002,0.00002,0.00002,0.00002,0.00002,0.00002,0.00002,0.00003,0.00000,0.00000,0.00000,0.00000,0.00000,0.00000,0.00000,0.00000,0.00000,0.00000,0.00000,0.00000,0.00000,0.00000,0.00001,0.00002,0.00002,0.00002,0.00002,0.00002,0.00002,0.00002,0.00002,0.00002,0.00002,0.00002,0.00002,0.00002,0.00002,0.00002,0.00002,0.00002,0.00002,0.00002,0.00002,0.00002,0.00002,0.00002,0.00002,0.00002,0.00003,0.00000,0.00000,0.00000,0.00000,0.00000,0.00000,0.00000,0.00000,0.00000
 0.00000,0.00000,0.00000,0.00000,0.00000,0.00000,0.00000,0.00000,0.00000,0.00000,0.00000,0.00000,0.00001,0.00002,0.00002,0.00002,0.00002,0.00002,0.00002,0.00002,0.00002,0.00002,0.00002,0.00002,0.00002,0.00002,0.00002,0.00002,0.00002,0.00002,0.00002,0.00002,0.00002,0.00002,0.00002,0.00002,0.00002,0.00003,0.00000,0.00000,0.00000,0.00000,0.00000,0.00000,0.00000,0.00000,0.00000,0.00000,0.00000,0.00000,0.00000,0.00000,0.00000,0.00000,0.00000,0.00000,0.00001,0.00002,0.00002,0.00002,0.00002,0.00002,0.00002,0.00002,0.00002,0.00002,0.00002,0.00002,0.00002,0.00002,0.00002,0.00002,0.00002,0.00002,0.00002,0.00002,0.00002,0.00002,0.00002,0.00002,0.00002,0.00000,0.00000,0.00000,0.00000,0.00000,0.00000,0.00000,0.00000,0.00000
 0.00000,0.00000,0.00000,0.00000,0.00000,0.00000,0.00000,0.00000,0.00000,0.00000,0.00000,0.00000,0.00001,0.00002,0.00002,0.00002,0.00002,0.00002,0.00002,0.00002,0.00002,0.00002,0.00002,0.00002,0.00002,0.00002,0.00002,0.00002,0.00002,0.00002,0.00002,0.00002,0.00002,0.00002,0.00002,0.00003,0.00000,0.00000,0.00000,0.00000,0.00000,0.00000,0.00000,0.00000,0.00000,0.00000,0.00000,0.00000,0.00000,0.00000,0.00000,0.00000,0.00000,0.00000,0.00000,0.00000,0.00000,0.00000,0.00001,0.00002,0.00002,0.00002,0.00002,0.00002,0.00002,0.00002,0.00002,0.00002,0.00002,0.00002,0.00002,0.00002,0.00002,0.00002,0.00002,0.00002,0.00002,0.00002,0.00002,0.00002,0.00001,0.00002,0.00000,0.00000,0.00000,0.00000,0.00000,0.00000,0.00000,0.00000
 0.00000,0.00000,0.00000,0.00000,0.00000,0.00000,0.00000,0.00000,0.00000,0.00000,0.00000,0.00000,0.00001,0.00002,0.00002,0.00002,0.00002,0.00002,0.00002,0.00002,0.00002,0.00002,0.00002,0.00002,0.00002,0.00002,0.00002,0.00002,0.00002,0.00002,0.00002,0.00002,0.00002,0.00002,0.00002,0.00006,0.00000,0.00000,0.00000,0.00000,0.00000,0.00000,0.00000,0.00000,0.00000,0.00000,0.00000,0.00000,0.00000,0.00000,0.00000,0.00000,0.00000,0.00000,0.00000,0.00000,0.00000,0.00000,0.00001,0.00002,0.00002,0.00002,0.00002,0.00002,0.00002,0.00002,0.00002,0.00002,0.00002,0.00002,0.00002,0.00002,0.00002,0.00002,0.00002,0.00002,0.00002,0.00002,0.00002,0.00002,0.00001,0.00008,0.00000,0.00000,0.00000,0.00000,0.00000,0.00000,0.00000,0.00000
 0.00000,0.00000,0.00000,0.00000,0.00000,0.00000,0.00000,0.00000,0.00000,0.00000,0.00000,0.00000,0.00001,0.00002,0.00002,0.00002,0.00002,0.00002,0.00002,0.00002,0.00002,0.00002,0.00002,0.00002,0.00002,0.00002,0.00002,0.00002,0.00002,0.00002,0.00002,0.00002,0.00002,0.00002,0.00003,0.00000,0.00000,0.00000,0.00000,0.00000,0.00000,0.00000,0.00000,0.00000,0.00000,0.00000,0.00000,0.00000,0.00000,0.00000,0.00000,0.00000,0.00000,0.00000,0.00000,0.00000,0.00000,0.00000,0.00000,0.00001,0.00002,0.00002,0.00002,0.00002,0.00002,0.00002,0.00002,0.00002,0.00002,0.00002,0.00002,0.00002,0.00002,0.00002,0.00002,0.00002,0.00002,0.00002,0.00002,0.00002,0.00001,0.00046,0.00000,0.00000,0.00000,0.00000,0.00000,0.00000,0.00000,0.00000
 0.00000,0.00000,0.00000,0.00000,0.00000,0.00000,0.00000,0.00000,0.00000,0.00000,0.00000,0.00000,0.00001,0.00002,0.00002,0.00002,0.00002,0.00002,0.00002,0.00002,0.00002,0.00002,0.00002,0.00002,0.00002,0.00002,0.00002,0.00002,0.00002,0.00002,0.00002,0.00002,0.00002,0.00002,0.00006,0.00000,0.00000,0.00000,0.00000,0.00000,0.00000,0.00000,0.00000,0.00000,0.00000,0.00000,0.00000,0.00000,0.00000,0.00000,0.00000,0.00000,0.00000,0.00000,0.00000,0.00000,0.00000,0.00000,0.00000,0.00001,0.00002,0.00002,0.00002,0.00002,0.00002,0.00002,0.00002,0.00002,0.00002,0.00002,0.00002,0.00002,0.00002,0.00002,0.00002,0.00002,0.00002,0.00002,0.00002,0.00002,0.00001,0.00046,0.00000,0.00000,0.00000,0.00000,0.00000,0.00000,0.00000,0.00000
 0.00000,0.00000,0.00000,0.00000,0.00000,0.00000,0.00000,0.00000,0.00000,0.00000,0.00000,0.00000,0.00001,0.00002,0.00002,0.00002,0.00002,0.00002,0.00002,0.00002,0.00002,0.00002,0.00002,0.00002,0.00002,0.00002,0.00002,0.00002,0.00002,0.00002,0.00002,0.00002,0.00002,0.00003,0.00000,0.00000,0.00000,0.00000,0.00000,0.00000,0.00000,0.00000,0.00000,0.00000,0.00000,0.00000,0.00000,0.00000,0.00000,0.00000,0.00000,0.00000,0.00000,0.00000,0.00000,0.00000,0.00000,0.00000,0.00000,0.00000,0.00001,0.00002,0.00002,0.00002,0.00002,0.00002,0.00002,0.00002,0.00002,0.00002,0.00002,0.00002,0.00002,0.00002,0.00002,0.00002,0.00002,0.00002,0.00002,0.00002,0.00001,0.00008,0.00000,0.00000,0.00000,0.00000,0.00000,0.00000,0.00000,0.00000
 0.00000,0.00000,0.00000,0.00000,0.00000,0.00000,0.00000,0.00000,0.00000,0.00000,0.00000,0.00000,0.00001,0.00002,0.00002,0.00002,0.00002,0.00002,0.00002,0.00002,0.00002,0.00002,0.00002,0.00002,0.00002,0.00002,0.00002,0.00002,0.00002,0.00002,0.00002,0.00002,0.00002,0.00006,0.00000,0.00000,0.00000,0.00000,0.00000,0.00000,0.00000,0.00000,0.00000,0.00000,0.00000,0.00000,0.00000,0.00000,0.00000,0.00000,0.00000,0.00000,0.00000,0.00000,0.00000,0.00000,0.00000,0.00000,0.00000,0.00000,0.00001,0.00002,0.00002,0.00002,0.00002,0.00002,0.00002,0.00002,0.00002,0.00002,0.00002,0.00002,0.00002,0.00002,0.00002,0.00002,0.00002,0.00002,0.00002,0.00002,0.00001,0.00004,0.00000,0.00000,0.00000,0.00000,0.00000,0.00000,0.00000,0.00000
 0.00000,0.00000,0.00000,0.00000,0.00000,0.00000,0.00000,0.00000,0.00000,0.00000,0.00000,0.00000,0.00000,0.00000,0.00000,0.00000,0.00000,0.00000,0.00000,0.00001,0.00002,0.00002,0.00002,0.00002,0.00002,0.00002,0.00002,0.00002,0.00002,0.00002,0.00002,0.00002,0.00002,0.00003,0.00000,0.00000,0.00000,0.00000,0.00000,0.00000,0.00000,0.00000,0.00000,0.00000,0.00000,0.00000,0.00000,0.00000,0.00000,0.00000,0.00000,0.00000,0.00000,0.00000,0.00000,0.00000,0.00000,0.00000,0.00000,0.00000,0.00001,0.00002,0.00002,0.00002,0.00002,0.00002,0.00002,0.00002,0.00002,0.00002,0.00002,0.00002,0.00002,0.00003,0.00000,0.00000,0.00000,0.00000,0.00000,0.00000,0.00000,0.00000,0.00000,0.00000,0.00000,0.00000,0.00000,0.00000,0.00000,0.00000
 0.00000,0.00000,0.00000,0.00000,0.00000,0.00000,0.00000,0.00000,0.00000,0.00000,0.00000,0.00000,0.00000,0.00000,0.00000,0.00000,0.00000,0.00000,0.00000,0.00001,0.00002,0.00002,0.00002,0.00002,0.00002,0.00002,0.00002,0.00002,0.00002,0.00002,0.00002,0.00002,0.00002,0.00002,0.00000,0.00000,0.00000,0.00000,0.00000,0.00000,0.00000,0.00000,0.00000,0.00000,0.00000,0.00000,0.00000,0.00000,0.00000,0.00000,0.00000,0.00000,0.00000,0.00000,0.00000,0.00000,0.00000,0.00000,0.00000,0.00000,0.00001,0.00002,0.00002,0.00002,0.00002,0.00002,0.00002,0.00002,0.00002,0.00002,0.00002,0.00002,0.00002,0.00003,0.00000,0.00000,0.00000,0.00000,0.00000,0.00000,0.00000,0.00000,0.00000,0.00000,0.00000,0.00000,0.00000,0.00000,0.00000,0.00000
 0.00000,0.00000,0.00000,0.00000,0.00000,0.00000,0.00000,0.00000,0.00000,0.00000,0.00000,0.00000,0.00000,0.00000,0.00000,0.00000,0.00000,0.00000,0.00000,0.00001,0.00002,0.00002,0.00002,0.00002,0.00002,0.00002,0.00002,0.00002,0.00002,0.00002,0.00002,0.00002,0.00002,0.00001,0.00001,0.00000,0.00000,0.00000,0.00000,0.00000,0.00000,0.00000,0.00000,0.00000,0.00000,0.00000,0.00000,0.00000,0.00000,0.00000,0.00000,0.00000,0.00000,0.00000,0.00000,0.00000,0.00000,0.00000,0.00000,0.00000,0.00001,0.00002,0.00002,0.00002,0.00002,0.00002,0.00002,0.00002,0.00002,0.00002,0.00002,0.00002,0.00002,0.00001,0.00004,0.00000,0.00000,0.00000,0.00000,0.00000,0.00000,0.00000,0.00000,0.00000,0.00000,0.00000,0.00000,0.00000,0.00000,0.00000
 0.00000,0.00000,0.00000,0.00000,0.00000,0.00000,0.00000,0.00000,0.00000,0.00000,0.00000,0.00000,0.00000,0.00000,0.00000,0.00000,0.00000,0.00000,0.00000,0.00001,0.00002,0.00002,0.00002,0.00002,0.00002,0.00002,0.00002,0.00002,0.00002,0.00002,0.00002,0.00002,0.00002,0.00001,0.00250,0.00000,0.00000,0.00000,0.00000,0.00000,0.00000,0.00000,0.00000,0.00000,0.00000,0.00000,0.00000,0.00000,0.00000,0.00000,0.00000,0.00000,0.00000,0.00000,0.00000,0.00000,0.00000,0.00000,0.00000,0.00000,0.00001,0.00002,0.00002,0.00002,0.00002,0.00002,0.00002,0.00002,0.00002,0.00002,0.00002,0.00002,0.00002,0.00001,0.00004,0.00000,0.00000,0.00000,0.00000,0.00000,0.00000,0.00000,0.00000,0.00000,0.00000,0.00000,0.00000,0.00000,0.00000,0.00000
 0.00000,0.00000,0.00000,0.00000,0.00000,0.00000,0.00000,0.00000,0.00000,0.00000,0.00000,0.00000,0.00000,0.00000,0.00000,0.00000,0.00000,0.00000,0.00000,0.00001,0.00002,0.00002,0.00002,0.00002,0.00002,0.00002,0.00002,0.00002,0.00002,0.00002,0.00002,0.00002,0.00002,0.00000,0.94221,0.00000,0.00000,0.00000,0.00000,0.00000,0.00000,0.00000,0.00000,0.00000,0.00000,0.00000,0.00000,0.00000,0.00000,0.00000,0.00000,0.00000,0.00000,0.00000,0.00000,0.00000,0.00000,0.00000,0.00000,0.00000,0.00001,0.00002,0.00002,0.00002,0.00002,0.00002,0.00002,0.00002,0.00002,0.00002,0.00002,0.00002,0.00002,0.00001,0.00004,0.00000,0.00000,0.00000,0.00000,0.00000,0.00000,0.00000,0.00000,0.00000,0.00000,0.00000,0.00000,0.00000,0.00000,0.00000
 0.00000,0.00000,0.00000,0.00000,0.00000,0.00000,0.00000,0.00000,0.00000,0.00000,0.00000,0.00000,0.00000,0.00000,0.00000,0.00000,0.00000,0.00000,0.00000,0.00001,0.00002,0.00002,0.00002,0.00002,0.00002,0.00002,0.00002,0.00002,0.00002,0.00002,0.00002,0.00002,0.00002,0.00001,0.00250,0.00000,0.00000,0.00000,0.00000,0.00000,0.00000,0.00000,0.00000,0.00000,0.00000,0.00000,0.00000,0.00000,0.00000,0.00000,0.00000,0.00000,0.00000,0.00000,0.00000,0.00000,0.00000,0.00000,0.00000,0.00000,0.00001,0.00002,0.00002,0.00002,0.00002,0.00002,0.00002,0.00002,0.00002,0.00002,0.00002,0.00002,0.00002,0.00001,0.00004,0.00000,0.00000,0.00000,0.00000,0.00000,0.00000,0.00000,0.00000,0.00000,0.00000,0.00000,0.00000,0.00000,0.00000,0.00000
 0.00000,0.00000,0.00000,0.00000,0.00000,0.00000,0.00000,0.00000,0.00000,0.00000,0.00000,0.00000,0.00000,0.00000,0.00000,0.00000,0.00000,0.00000,0.00000,0.00001,0.00002,0.00002,0.00002,0.00002,0.00002,0.00002,0.00002,0.00002,0.00002,0.00002,0.00002,0.00002,0.00002,0.00001,0.00001,0.00000,0.00000,0.00000,0.00000,0.00000,0.00000,0.00000,0.00000,0.00000,0.00000,0.00000,0.00000,0.00000,0.00000,0.00000,0.00000,0.00000,0.00000,0.00000,0.00000,0.00000,0.00000,0.00000,0.00000,0.00000,0.00001,0.00002,0.00002,0.00002,0.00002,0.00002,0.00002,0.00002,0.00002,0.00002,0.00002,0.00002,0.00002,0.00001,0.00004,0.00000,0.00000,0.00000,0.00000,0.00000,0.00000,0.00000,0.00000,0.00000,0.00000,0.00000,0.00000,0.00000,0.00000,0.00000
 0.00000,0.00000,0.00000,0.00000,0.00000,0.00000,0.00000,0.00000,0.00000,0.00000,0.00000,0.00000,0.00000,0.00000,0.00000,0.00000,0.00000,0.00000,0.00000,0.00001,0.00002,0.00002,0.00002,0.00002,0.00002,0.00002,0.00002,0.00002,0.00002,0.00002,0.00002,0.00002,0.00002,0.00002,0.00000,0.00000,0.00000,0.00000,0.00000,0.00000,0.00000,0.00000,0.00000,0.00000,0.00000,0.00000,0.00000,0.00000,0.00000,0.00000,0.00000,0.00000,0.00000,0.00000,0.00000,0.00000,0.00000,0.00000,0.00000,0.00000,0.00001,0.00002,0.00002,0.00002,0.00002,0.00002,0.00002,0.00002,0.00002,0.00002,0.00002,0.00002,0.00002,0.00003,0.00000,0.00000,0.00000,0.00000,0.00000,0.00000,0.00000,0.00000,0.00000,0.00000,0.00000,0.00000,0.00000,0.00000,0.00000,0.00000
 0.00000,0.00000,0.00000,0.00000,0.00000,0.00000,0.00000,0.00000,0.00000,0.00000,0.00000,0.00000,0.00000,0.00000,0.00000,0.00000,0.00000,0.00000,0.00000,0.00001,0.00002,0.00002,0.00002,0.00002,0.00002,0.00002,0.00002,0.00002,0.00002,0.00002,0.00002,0.00002,0.00002,0.00003,0.00000,0.00000,0.00000,0.00000,0.00000,0.00000,0.00000,0.00000,0.00000,0.00000,0.00000,0.00000,0.00000,0.00000,0.00000,0.00000,0.00000,0.00000,0.00000,0.00000,0.00000,0.00000,0.00000,0.00000,0.00000,0.00000,0.00001,0.00002,0.00002,0.00002,0.00002,0.00002,0.00002,0.00002,0.00002,0.00002,0.00002,0.00002,0.00002,0.00003,0.00000,0.00000,0.00000,0.00000,0.00000,0.00000,0.00000,0.00000,0.00000,0.00000,0.00000,0.00000,0.00000,0.00000,0.00000,0.00000
 0.00000,0.00000,0.00000,0.00000,0.00000,0.00000,0.00000,0.00000,0.00000,0.00000,0.00000,0.00000,0.00001,0.00002,0.00002,0.00002,0.00002,0.00002,0.00002,0.00002,0.00002,0.00002,0.00002,0.00002,0.00002,0.00002,0.00002,0.00002,0.00002,0.00002,0.00002,0.00002,0.00002,0.00006,0.00000,0.00000,0.00000,0.00000,0.00000,0.00000,0.00000,0.00000,0.00000,0.00000,0.00000,0.00000,0.00000,0.00000,0.00000,0.00000,0.00000,0.00000,0.00000,0.00000,0.00000,0.00000,0.00000,0.00000,0.00000,0.00000,0.00001,0.00002,0.00002,0.00002,0.00002,0.00002,0.00002,0.00002,0.00002,0.00002,0.00002,0.00002,0.00002,0.00002,0.00002,0.00002,0.00002,0.00002,0.00002,0.00002,0.00001,0.00004,0.00000,0.00000,0.00000,0.00000,0.00000,0.00000,0.00000,0.00000
 0.00000,0.00000,0.00000,0.00000,0.00000,0.00000,0.00000,0.00000,0.00000,0.00000,0.00000,0.00000,0.00001,0.00002,0.00002,0.00002,0.00002,0.00002,0.00002,0.00002,0.00002,0.00002,0.00002,0.00002,0.00002,0.00002,0.00002,0.00002,0.00002,0.00002,0.00002,0.00002,0.00002,0.00003,0.00000,0.00000,0.00000,0.00000,0.00000,0.00000,0.00000,0.00000,0.00000,0.00000,0.00000,0.00000,0.00000,0.00000,0.00000,0.00000,0.00000,0.00000,0.00000,0.00000,0.00000,0.00000,0.00000,0.00000,0.00000,0.00000,0.00001,0.00002,0.00002,0.00002,0.00002,0.00002,0.00002,0.00002,0.00002,0.00002,0.00002,0.00002,0.00002,0.00002,0.00002,0.00002,0.00002,0.00002,0.00002,0.00002,0.00001,0.00004,0.00000,0.00000,0.00000,0.00000,0.00000,0.00000,0.00000,0.00000
 0.00000,0.00000,0.00000,0.00000,0.00000,0.00000,0.00000,0.00000,0.00000,0.00000,0.00000,0.00000,0.00001,0.00002,0.00002,0.00002,0.00002,0.00002,0.00002,0.00002,0.00002,0.00002,0.00002,0.00002,0.00002,0.00002,0.00002,0.00002,0.00002,0.00002,0.00002,0.00002,0.00002,0.00002,0.00006,0.00000,0.00000,0.00000,0.00000,0.00000,0.00000,0.00000,0.00000,0.00000,0.00000,0.00000,0.00000,0.00000,0.00000,0.00000,0.00000,0.00000,0.00000,0.00000,0.00000,0.00000,0.00000,0.00000,0.00000,0.00001,0.00002,0.00002,0.00002,0.00002,0.00002,0.00002,0.00002,0.00002,0.00002,0.00002,0.00002,0.00002,0.00002,0.00002,0.00002,0.00002,0.00002,0.00002,0.00002,0.00002,0.00001,0.00008,0.00000,0.00000,0.00000,0.00000,0.00000,0.00000,0.00000,0.00000
 0.00000,0.00000,0.00000,0.00000,0.00000,0.00000,0.00000,0.00000,0.00000,0.00000,0.00000,0.00000,0.00001,0.00002,0.00002,0.00002,0.00002,0.00002,0.00002,0.00002,0.00002,0.00002,0.00002,0.00002,0.00002,0.00002,0.00002,0.00002,0.00002,0.00002,0.00002,0.00002,0.00002,0.00002,0.00003,0.00000,0.00000,0.00000,0.00000,0.00000,0.00000,0.00000,0.00000,0.00000,0.00000,0.00000,0.00000,0.00000,0.00000,0.00000,0.00000,0.00000,0.00000,0.00000,0.00000,0.00000,0.00000,0.00000,0.00000,0.00001,0.00002,0.00002,0.00002,0.00002,0.00002,0.00002,0.00002,0.00002,0.00002,0.00002,0.00002,0.00002,0.00002,0.00002,0.00002,0.00002,0.00002,0.00002,0.00002,0.00002,0.00001,0.00046,0.00000,0.00000,0.00000,0.00000,0.00000,0.00000,0.00000,0.00000
 0.00000,0.00000,0.00000,0.00000,0.00000,0.00000,0.00000,0.00000,0.00000,0.00000,0.00000,0.00000,0.00001,0.00002,0.00002,0.00002,0.00002,0.00002,0.00002,0.00002,0.00002,0.00002,0.00002,0.00002,0.00002,0.00002,0.00002,0.00002,0.00002,0.00002,0.00002,0.00002,0.00002,0.00002,0.00002,0.00006,0.00000,0.00000,0.00000,0.00000,0.00000,0.00000,0.00000,0.00000,0.00000,0.00000,0.00000,0.00000,0.00000,0.00000,0.00000,0.00000,0.00000,0.00000,0.00000,0.00000,0.00000,0.00000,0.00001,0.00002,0.00002,0.00002,0.00002,0.00002,0.00002,0.00002,0.00002,0.00002,0.00002,0.00002,0.00002,0.00002,0.00002,0.00002,0.00002,0.00002,0.00002,0.00002,0.00002,0.00002,0.00001,0.00046,0.00000,0.00000,0.00000,0.00000,0.00000,0.00000,0.00000,0.00000
 0.00000,0.00000,0.00000,0.00000,0.00000,0.00000,0.00000,0.00000,0.00000,0.00000,0.00000,0.00000,0.00001,0.00002,0.00002,0.00002,0.00002,0.00002,0.00002,0.00002,0.00002,0.00002,0.00002,0.00002,0.00002,0.00002,0.00002,0.00002,0.00002,0.00002,0.00002,0.00002,0.00002,0.00002,0.00002,0.00003,0.00000,0.00000,0.00000,0.00000,0.00000,0.00000,0.00000,0.00000,0.00000,0.00000,0.00000,0.00000,0.00000,0.00000,0.00000,0.00000,0.00000,0.00000,0.00000,0.00000,0.00000,0.00000,0.00001,0.00002,0.00002,0.00002,0.00002,0.00002,0.00002,0.00002,0.00002,0.00002,0.00002,0.00002,0.00002,0.00002,0.00002,0.00002,0.00002,0.00002,0.00002,0.00002,0.00002,0.00002,0.00001,0.00008,0.00000,0.00000,0.00000,0.00000,0.00000,0.00000,0.00000,0.00000
 0.00000,0.00000,0.00000,0.00000,0.00000,0.00000,0.00000,0.00000,0.00000,0.00000,0.00000,0.00000,0.00001,0.00002,0.00002,0.00002,0.00002,0.00002,0.00002,0.00002,0.00002,0.00002,0.00002,0.00002,0.00002,0.00002,0.00002,0.00002,0.00002,0.00002,0.00002,0.00002,0.00002,0.00002,0.00002,0.00002,0.00002,0.00003,0.00000,0.00000,0.00000,0.00000,0.00000,0.00000,0.00000,0.00000,0.00000,0.00000,0.00000,0.00000,0.00000,0.00000,0.00000,0.00000,0.00000,0.00000,0.00001,0.00002,0.00002,0.00002,0.00002,0.00002,0.00002,0.00002,0.00002,0.00002,0.00002,0.00002,0.00002,0.00002,0.00002,0.00002,0.00002,0.00002,0.00002,0.00002,0.00002,0.00002,0.00002,0.00002,0.00001,0.00002,0.00000,0.00000,0.00000,0.00000,0.00000,0.00000,0.00000,0.00000
 0.00000,0.00000,0.00000,0.00000,0.00000,0.00000,0.00000,0.00000,0.00000,0.00000,0.00000,0.00000,0.00001,0.00002,0.00002,0.00002,0.00002,0.00002,0.00002,0.00002,0.00002,0.00002,0.00002,0.00002,0.00002,0.00002,0.00002,0.00002,0.00002,0.00002,0.00002,0.00002,0.00002,0.00002,0.00002,0.00002,0.00002,0.00002,0.00002,0.00003,0.00000,0.00000,0.00000,0.00000,0.00000,0.00000,0.00000,0.00000,0.00000,0.00000,0.00000,0.00000,0.00000,0.00000,0.00001,0.00002,0.00002,0.00002,0.00002,0.00002,0.00002,0.00002,0.00002,0.00002,0.00002,0.00002,0.00002,0.00002,0.00002,0.00002,0.00002,0.00002,0.00002,0.00002,0.00002,0.00002,0.00002,0.00002,0.00002,0.00002,0.00002,0.00000,0.00000,0.00000,0.00000,0.00000,0.00000,0.00000,0.00000,0.00000
 0.00000,0.00000,0.00000,0.00000,0.00000,0.00000,0.00000,0.00000,0.00000,0.00000,0.00000,0.00000,0.00001,0.00002,0.00002,0.00002,0.00002,0.00002,0.00002,0.00002,0.00002,0.00002,0.00002,0.00002,0.00002,0.00002,0.00002,0.00002,0.00002,0.00002,0.00002,0.00002,0.00002,0.00002,0.00002,0.00002,0.00002,0.00002,0.00002,0.00002,0.00002,0.00001,0.00004,0.00000,0.00000,0.00000,0.00000,0.00000,0.00000,0.00000,0.00000,0.00000,0.00001,0.00002,0.00002,0.00002,0.00002,0.00002,0.00002,0.00002,0.00002,0.00002,0.00002,0.00002,0.00002,0.00002,0.00002,0.00002,0.00002,0.00002,0.00002,0.00002,0.00002,0.00002,0.00002,0.00002,0.00002,0.00002,0.00002,0.00002,0.00003,0.00000,0.00000,0.00000,0.00000,0.00000,0.00000,0.00000,0.00000,0.00000
 0.00000,0.00000,0.00000,0.00000,0.00000,0.00000,0.00000,0.00000,0.00000,0.00000,0.00000,0.00000,0.00001,0.00002,0.00002,0.00002,0.00002,0.00002,0.00002,0.00002,0.00002,0.00002,0.00002,0.00002,0.00002,0.00002,0.00002,0.00002,0.00002,0.00002,0.00002,0.00002,0.00002,0.00002,0.00002,0.00002,0.00002,0.00002,0.00002,0.00002,0.00002,0.00001,0.00004,0.00000,0.00000,0.00000,0.00000,0.00000,0.00000,0.00000,0.00000,0.00000,0.00001,0.00002,0.00002,0.00002,0.00002,0.00002,0.00002,0.00002,0.00002,0.00002,0.00002,0.00002,0.00002,0.00002,0.00002,0.00002,0.00002,0.00002,0.00002,0.00002,0.00002,0.00002,0.00002,0.00002,0.00002,0.00002,0.00002,0.00002,0.00006,0.00000,0.00000,0.00000,0.00000,0.00000,0.00000,0.00000,0.00000,0.00000
 0.00000,0.00000,0.00000,0.00000,0.00000,0.00000,0.00000,0.00000,0.00000,0.00000,0.00000,0.00000,0.00001,0.00002,0.00002,0.00002,0.00002,0.00002,0.00002,0.00002,0.00002,0.00002,0.00002,0.00002,0.00002,0.00002,0.00002,0.00002,0.00002,0.00002,0.00002,0.00002,0.00002,0.00002,0.00002,0.00002,0.00002,0.00002,0.00002,0.00002,0.00002,0.00001,0.00004,0.00000,0.00000,0.00000,0.00000,0.00000,0.00000,0.00000,0.00000,0.00000,0.00001,0.00002,0.00002,0.00002,0.00002,0.00002,0.00002,0.00002,0.00002,0.00002,0.00002,0.00002,0.00002,0.00002,0.00002,0.00002,0.00002,0.00002,0.00002,0.00002,0.00002,0.00002,0.00002,0.00002,0.00002,0.00002,0.00002,0.00002,0.00003,0.00000,0.00000,0.00000,0.00000,0.00000,0.00000,0.00000,0.00000,0.00000
 0.00000,0.00000,0.00000,0.00000,0.00000,0.00000,0.00000,0.00001,0.00002,0.00002,0.00002,0.00002,0.00002,0.00002,0.00002,0.00002,0.00002,0.00002,0.00002,0.00002,0.00002,0.00002,0.00002,0.00002,0.00002,0.00002,0.00002,0.00002,0.00002,0.00002,0.00002,0.00002,0.00002,0.00002,0.00002,0.00002,0.00002,0.00002,0.00002,0.00002,0.00002,0.00001,0.00004,0.00000,0.00000,0.00000,0.00000,0.00000,0.00000,0.00000,0.00000,0.00000,0.00001,0.00002,0.00002,0.00002,0.00002,0.00002,0.00002,0.00002,0.00002,0.00002,0.00002,0.00002,0.00002,0.00002,0.00002,0.00002,0.00002,0.00002,0.00002,0.00002,0.00002,0.00002,0.00002,0.00002,0.00002,0.00002,0.00002,0.00002,0.00002,0.00002,0.00002,0.00002,0.00002,0.00001,0.00004,0.00000,0.00000,0.00000
 0.00000,0.00000,0.00000,0.00000,0.00000,0.00000,0.00000,0.00001,0.00002,0.00002,0.00002,0.00002,0.00002,0.00002,0.00002,0.00002,0.00002,0.00002,0.00002,0.00002,0.00002,0.00002,0.00002,0.00002,0.00002,0.00002,0.00002,0.00002,0.00002,0.00002,0.00002,0.00002,0.00002,0.00002,0.00002,0.00002,0.00002,0.00002,0.00002,0.00002,0.00002,0.00001,0.00004,0.00000,0.00000,0.00000,0.00000,0.00000,0.00000,0.00000,0.00000,0.00000,0.00001,0.00002,0.00002,0.00002,0.00002,0.00002,0.00002,0.00002,0.00002,0.00002,0.00002,0.00002,0.00002,0.00002,0.00002,0.00002,0.00002,0.00002,0.00002,0.00002,0.00002,0.00002,0.00002,0.00002,0.00002,0.00002,0.00002,0.00002,0.00002,0.00002,0.00002,0.00002,0.00002,0.00001,0.00004,0.00000,0.00000,0.00000
 0.00000,0.00000,0.00000,0.00000,0.00000,0.00000,0.00000,0.00001,0.00002,0.00002,0.00002,0.00002,0.00002,0.00002,0.00002,0.00002,0.00002,0.00002,0.00002,0.00002,0.00002,0.00002,0.00002,0.00002,0.00002,0.00002,0.00002,0.00002,0.00002,0.00002,0.00002,0.00002,0.00002,0.00002,0.00002,0.00002,0.00002,0.00002,0.00002,0.00002,0.00002,0.00001,0.00004,0.00000,0.00000,0.00000,0.00000,0.00000,0.00000,0.00000,0.00000,0.00000,0.00001,0.00002,0.00002,0.00002,0.00002,0.00002,0.00002,0.00002,0.00002,0.00002,0.00002,0.00002,0.00002,0.00002,0.00002,0.00002,0.00002,0.00002,0.00002,0.00002,0.00002,0.00002,0.00002,0.00002,0.00002,0.00002,0.00002,0.00002,0.00002,0.00002,0.00002,0.00002,0.00002,0.00001,0.00004,0.00000,0.00000,0.00000
 0.00000,0.00000,0.00000,0.00000,0.00000,0.00000,0.00000,0.00001,0.00002,0.00002,0.00002,0.00002,0.00002,0.00002,0.00002,0.00002,0.00002,0.00002,0.00002,0.00002,0.00002,0.00002,0.00002,0.00002,0.00002,0.00002,0.00002,0.00002,0.00002,0.00002,0.00002,0.00002,0.00002,0.00002,0.00002,0.00002,0.00002,0.00002,0.00002,0.00002,0.00002,0.00001,0.00004,0.00000,0.00000,0.00000,0.00000,0.00000,0.00000,0.00000,0.00000,0.00000,0.00001,0.00002,0.00002,0.00002,0.00002,0.00002,0.00002,0.00002,0.00002,0.00002,0.00002,0.00002,0.00002,0.00002,0.00002,0.00002,0.00002,0.00002,0.00002,0.00002,0.00002,0.00002,0.00002,0.00002,0.00002,0.00002,0.00002,0.00002,0.00002,0.00002,0.00002,0.00002,0.00002,0.00001,0.00004,0.00000,0.00000,0.00000
 0.00000,0.00000,0.00000,0.00000,0.00000,0.00000,0.00000,0.00001,0.00002,0.00002,0.00002,0.00002,0.00002,0.00002,0.00002,0.00002,0.00002,0.00002,0.00002,0.00002,0.00002,0.00002,0.00002,0.00002,0.00002,0.00002,0.00002,0.00002,0.00002,0.00002,0.00002,0.00002,0.00002,0.00002,0.00002,0.00002,0.00002,0.00002,0.00002,0.00002,0.00002,0.00001,0.00004,0.00000,0.00000,0.00000,0.00000,0.00000,0.00000,0.00000,0.00000,0.00000,0.00001,0.00002,0.00002,0.00002,0.00002,0.00002,0.00002,0.00002,0.00002,0.00002,0.00002,0.00002,0.00002,0.00002,0.00002,0.00002,0.00002,0.00002,0.00002,0.00002,0.00002,0.00002,0.00002,0.00002,0.00002,0.00002,0.00002,0.00002,0.00002,0.00002,0.00002,0.00002,0.00002,0.00001,0.00004,0.00000,0.00000,0.00000
 0.00000,0.00000,0.00000,0.00000,0.00000,0.00000,0.00000,0.00001,0.00002,0.00002,0.00002,0.00002,0.00002,0.00002,0.00002,0.00002,0.00002,0.00002,0.00002,0.00002,0.00002,0.00002,0.00002,0.00002,0.00002,0.00002,0.00002,0.00002,0.00002,0.00002,0.00002,0.00002,0.00002,0.00002,0.00002,0.00002,0.00002,0.00002,0.00002,0.00002,0.00002,0.00001,0.00004,0.00000,0.00000,0.00000,0.00000,0.00000,0.00000,0.00000,0.00000,0.00000,0.00001,0.00002,0.00002,0.00002,0.00002,0.00002,0.00002,0.00002,0.00002,0.00002,0.00002,0.00002,0.00002,0.00002,0.00002,0.00002,0.00002,0.00002,0.00002,0.00002,0.00002,0.00002,0.00002,0.00002,0.00002,0.00002,0.00002,0.00002,0.00002,0.00002,0.00002,0.00002,0.00002,0.00001,0.00004,0.00000,0.00000,0.00000
 0.00000,0.00000,0.00000,0.00000,0.00000,0.00000,0.00000,0.00001,0.00002,0.00002,0.00002,0.00002,0.00002,0.00002,0.00002,0.00002,0.00002,0.00002,0.00002,0.00002,0.00002,0.00002,0.00002,0.00002,0.00002,0.00002,0.00002,0.00002,0.00002,0.00002,0.00002,0.00002,0.00002,0.00002,0.00002,0.00002,0.00002,0.00002,0.00002,0.00002,0.00002,0.00001,0.00004,0.00000,0.00000,0.00000,0.00000,0.00000,0.00000,0.00000,0.00000,0.00000,0.00001,0.00002,0.00002,0.00002,0.00002,0.00002,0.00002,0.00002,0.00002,0.00002,0.00002,0.00002,0.00002,0.00002,0.00002,0.00002,0.00002,0.00002,0.00002,0.00002,0.00002,0.00002,0.00002,0.00002,0.00002,0.00002,0.00002,0.00002,0.00002,0.00002,0.00002,0.00002,0.00002,0.00001,0.00004,0.00000,0.00000,0.00000
 0.00000,0.00000,0.00000,0.00000,0.00000,0.00000,0.00000,0.00001,0.00002,0.00002,0.00002,0.00002,0.00002,0.00002,0.00002,0.00002,0.00002,0.00002,0.00002,0.00002,0.00002,0.00002,0.00002,0.00002,0.00002,0.00002,0.00002,0.00002,0.00002,0.00002,0.00002,0.00002,0.00002,0.00002,0.00002,0.00002,0.00002,0.00002,0.00002,0.00002,0.00002,0.00001,0.00004,0.00000,0.00000,0.00000,0.00000,0.00000,0.00000,0.00000,0.00000,0.00000,0.00001,0.00002,0.00002,0.00002,0.00002,0.00002,0.00002,0.00002,0.00002,0.00002,0.00002,0.00002,0.00002,0.00002,0.00002,0.00002,0.00002,0.00002,0.00002,0.00002,0.00002,0.00002,0.00002,0.00002,0.00002,0.00002,0.00002,0.00002,0.00002,0.00002,0.00002,0.00002,0.00002,0.00001,0.00004,0.00000,0.00000,0.00000
 0.00000,0.00000,0.00000,0.00000,0.00000,0.00000,0.00000,0.00001,0.00002,0.00002,0.00002,0.00002,0.00002,0.00002,0.00002,0.00002,0.00002,0.00002,0.00002,0.00002,0.00002,0.00002,0.00002,0.00002,0.00002,0.00002,0.00002,0.00002,0.00002,0.00002,0.00002,0.00002,0.00002,0.00002,0.00002,0.00002,0.00002,0.00002,0.00002,0.00002,0.00002,0.00001,0.00004,0.00000,0.00000,0.00000,0.00000,0.00000,0.00000,0.00000,0.00000,0.00000,0.00001,0.00002,0.00002,0.00002,0.00002,0.00002,0.00002,0.00002,0.00002,0.00002,0.00002,0.00002,0.00002,0.00002,0.00002,0.00002,0.00002,0.00002,0.00002,0.00002,0.00002,0.00002,0.00002,0.00002,0.00002,0.00002,0.00002,0.00002,0.00002,0.00002,0.00002,0.00002,0.00002,0.00001,0.00004,0.00000,0.00000,0.00000
 0.00000,0.00000,0.00000,0.00000,0.00000,0.00000,0.00000,0.00001,0.00002,0.00002,0.00002,0.00002,0.00002,0.00002,0.00002,0.00002,0.00002,0.00002,0.00002,0.00002,0.00002,0.00002,0.00002,0.00002,0.00002,0.00002,0.00002,0.00002,0.00002,0.00002,0.00002,0.00002,0.00002,0.00002,0.00002,0.00002,0.00002,0.00002,0.00002,0.00002,0.00002,0.00001,0.00004,0.00000,0.00000,0.00000,0.00000,0.00000,0.00000,0.00000,0.00000,0.00000,0.00001,0.00002,0.00002,0.00002,0.00002,0.00002,0.00002,0.00002,0.00002,0.00002,0.00002,0.00002,0.00002,0.00002,0.00002,0.00002,0.00002,0.00002,0.00002,0.00002,0.00002,0.00002,0.00002,0.00002,0.00002,0.00002,0.00002,0.00002,0.00002,0.00002,0.00002,0.00002,0.00002,0.00001,0.00004,0.00000,0.00000,0.00000
 0.00000,0.00000,0.00000,0.00000,0.00000,0.00000,0.00000,0.00000,0.00000,0.00000,0.00000,0.00000,0.00000,0.00000,0.00000,0.00000,0.00000,0.00000,0.00000,0.00000,0.00000,0.00000,0.00000,0.00000,0.00000,0.00000,0.00000,0.00000,0.00000,0.00000,0.00000,0.00000,0.00000,0.00000,0.00000,0.00000,0.00000,0.00000,0.00000,0.00000,0.00000,0.00000,0.00000,0.00000,0.00000,0.00000,0.00000,0.00000,0.00000,0.00000,0.00000,0.00000,0.00000,0.00000,0.00000,0.00000,0.00000,0.00000,0.00000,0.00000,0.00000,0.00000,0.00000,0.00000,0.00000,0.00000,0.00000,0.00000,0.00000,0.00000,0.00000,0.00000,0.00000,0.00000,0.00000,0.00000,0.00000,0.00000,0.00000,0.00000,0.00000,0.00000,0.00000,0.00000,0.00000,0.00000,0.00000,0.00000,0.00000,0.00000
 0.00000,0.00000,0.00000,0.00000,0.00000,0.00000,0.00000,0.00000,0.00000,0.00000,0.00000,0.00000,0.00000,0.00000,0.00000,0.00000,0.00000,0.00000,0.00000,0.00000,0.00000,0.00000,0.00000,0.00000,0.00000,0.00000,0.00000,0.00000,0.00000,0.00000,0.00000,0.00000,0.00000,0.00000,0.00000,0.00000,0.00000,0.00000,0.00000,0.00000,0.00000,0.00000,0.00000,0.00000,0.00000,0.00000,0.00000,0.00000,0.00000,0.00000,0.00000,0.00000,0.00000,0.00000,0.00000,0.00000,0.00000,0.00000,0.00000,0.00000,0.00000,0.00000,0.00000,0.00000,0.00000,0.00000,0.00000,0.00000,0.00000,0.00000,0.00000,0.00000,0.00000,0.00000,0.00000,0.00000,0.00000,0.00000,0.00000,0.00000,0.00000,0.00000,0.00000,0.00000,0.00000,0.00000,0.00000,0.00000,0.00000,0.00000
 0.00000,0.00000,0.00000,0.00000,0.00000,0.00000,0.00000,0.00000,0.00000,0.00000,0.00000,0.00000,0.00000,0.00000,0.00000,0.00000,0.00000,0.00000,0.00000,0.00000,0.00000,0.00000,0.00000,0.00000,0.00000,0.00000,0.00000,0.00000,0.00000,0.00000,0.00000,0.00000,0.00000,0.00000,0.00000,0.00000,0.00000,0.00000,0.00000,0.00000,0.00000,0.00000,0.00000,0.00000,0.00000,0.00000,0.00000,0.00000,0.00000,0.00000,0.00000,0.00000,0.00000,0.00000,0.00000,0.00000,0.00000,0.00000,0.00000,0.00000,0.00000,0.00000,0.00000,0.00000,0.00000,0.00000,0.00000,0.00000,0.00000,0.00000,0.00000,0.00000,0.00000,0.00000,0.00000,0.00000,0.00000,0.00000,0.00000,0.00000,0.00000,0.00000,0.00000,0.00000,0.00000,0.00000,0.00000,0.00000,0.00000,0.00000
 0.00000,0.00000,0.00000,0.00000,0.00000,0.00000,0.00000,0.00000,0.00000,0.00000,0.00000,0.00000,0.00000,0.00000,0.00000,0.00000,0.00000,0.00000,0.00000,0.00000,0.00000,0.00000,0.00000,0.00000,0.00000,0.00000,0.00000,0.00000,0.00000,0.00000,0.00000,0.00000,0.00000,0.00000,0.00000,0.00000,0.00000,0.00000,0.00000,0.00000,0.00000,0.00000,0.00000,0.00000,0.00000,0.00000,0.00000,0.00000,0.00000,0.00000,0.00000,0.00000,0.00000,0.00000,0.00000,0.00000,0.00000,0.00000,0.00000,0.00000,0.00000,0.00000,0.00000,0.00000,0.00000,0.00000,0.00000,0.00000,0.00000,0.00000,0.00000,0.00000,0.00000,0.00000,0.00000,0.00000,0.00000,0.00000,0.00000,0.00000,0.00000,0.00000,0.00000,0.00000,0.00000,0.00000,0.00000,0.00000,0.00000,0.00000
 0.00000,0.00000,0.00000,0.00000,0.00000,0.00000,0.00000,0.00000,0.00000,0.00000,0.00000,0.00000,0.00000,0.00000,0.00000,0.00000,0.00000,0.00000,0.00000,0.00000,0.00000,0.00000,0.00000,0.00000,0.00000,0.00000,0.00000,0.00000,0.00000,0.00000,0.00000,0.00000,0.00000,0.00000,0.00000,0.00000,0.00000,0.00000,0.00000,0.00000,0.00000,0.00000,0.00000,0.00000,0.00000,0.00000,0.00000,0.00000,0.00000,0.00000,0.00000,0.00000,0.00000,0.00000,0.00000,0.00000,0.00000,0.00000,0.00000,0.00000,0.00000,0.00000,0.00000,0.00000,0.00000,0.00000,0.00000,0.00000,0.00000,0.00000,0.00000,0.00000,0.00000,0.00000,0.00000,0.00000,0.00000,0.00000,0.00000,0.00000,0.00000,0.00000,0.00000,0.00000,0.00000,0.00000,0.00000,0.00000,0.00000,0.00000